{
    "best_k": 4,
    "k_distribution": {
        "4": 30
    },
    "consensus_centroids": [
        [
            0.1610703278846154,
            0.15035874807692307,
            0.15648812403846152,
            0.1681593028846154,
            0.17241622403846152,
            0.17874445769230768,
            0.17839925673076915,
            0.1836195576923077,
            0.19099342307692302,
            0.18763564519230774,
            0.1885875,
            0.18279768557692308,
            0.17693363269230772,
            0.17956676923076925,
            0.1791607153846154,
            0.1822826874999999,
            0.19313053846153844,
            0.2059891538461538,
            0.21551197692307691,
            0.22100206730769237,
            0.22532192307692298,
            0.2255282596153846,
            0.2287701346153846,
            0.23360430384615383,
            0.2254349278846154,
            0.21229716153846162,
            0.22845411249999997,
            0.33615667307692326,
            0.5501345480769229,
            0.7881845192307689,
            0.9176083653846155,
            0.876985673076923,
            0.703806605769231,
            0.5237921596153847,
            0.41753415576923064,
            0.3970012884615383,
            0.40320595192307684,
            0.4056401057692308,
            0.4035160096153846,
            0.3905134134615385,
            0.3758725192307689,
            0.3731056086538461,
            0.36702037692307693,
            0.3619698769230768,
            0.3617203240384616,
            0.35344283653846154,
            0.3444744615384615,
            0.3399011057692308,
            0.33563288461538465,
            0.34026676923076915
        ],
        [
            0.14235719287499995,
            0.14407662041666663,
            0.14659943041666657,
            0.14642303666666664,
            0.14356614041666674,
            0.14286142612500005,
            0.14522563708333333,
            0.14768602291666674,
            0.14570575291666676,
            0.14810972083333343,
            0.15449847083333326,
            0.15670277708333327,
            0.15831365041666662,
            0.15760011249999997,
            0.1538525241666667,
            0.15763167958333338,
            0.16544228708333333,
            0.1667124812499998,
            0.1706212141666667,
            0.1696469312500001,
            0.1707270545833333,
            0.17668724374999997,
            0.18307197500000008,
            0.18643231916666675,
            0.18020434416666656,
            0.16758478666666668,
            0.1663342683333333,
            0.22427120962499997,
            0.3617402212499999,
            0.5483060958333329,
            0.7184046500000005,
            0.8255529291666668,
            0.8492339166666674,
            0.8319988333333329,
            0.80428575,
            0.7895694166666664,
            0.7832387083333333,
            0.7867717916666669,
            0.7934383333333337,
            0.804068625,
            0.8070199166666668,
            0.8150687916666669,
            0.814665708333333,
            0.8128032916666661,
            0.8088158750000002,
            0.8069057083333331,
            0.8069840833333332,
            0.8117913749999996,
            0.8096927500000007,
            0.8069546249999996
        ],
        [
            0.5627465853658536,
            0.5648571219512196,
            0.5803465609756098,
            0.6140560975609755,
            0.6206592682926829,
            0.6015187804878047,
            0.593548292682927,
            0.6012958536585368,
            0.6071958536585363,
            0.6104336585365854,
            0.6050099999999998,
            0.5859758536585368,
            0.5761080487804878,
            0.5774629268292681,
            0.5746860975609758,
            0.5665634146341464,
            0.5823634146341464,
            0.5847724390243902,
            0.5788541463414634,
            0.5781151219512196,
            0.5601724390243902,
            0.5541765853658537,
            0.5692804878048782,
            0.556300731707317,
            0.5359812195121951,
            0.5192981951219513,
            0.5385992682926829,
            0.6040787804878047,
            0.7334195121951219,
            0.8175992682926828,
            0.8082034146341462,
            0.675293024390244,
            0.4925662780487804,
            0.3303219268292683,
            0.26825564390243906,
            0.2485999512195122,
            0.25066097560975614,
            0.271359487804878,
            0.27375653658536586,
            0.2690694292682927,
            0.2877947804878048,
            0.28388053658536594,
            0.29205187804878047,
            0.29572924390243904,
            0.27439412195121954,
            0.2529173170731707,
            0.24976346341463418,
            0.2534439341463416,
            0.2721416829268293,
            0.2576551682926829
        ],
        [
            0.5308578892857144,
            0.5494147500000002,
            0.557464607142857,
            0.5426973214285715,
            0.5042112500000001,
            0.4616642857142856,
            0.4470190178571429,
            0.45692089285714294,
            0.45055098214285705,
            0.44947857142857134,
            0.4542865714285713,
            0.42848323214285733,
            0.40732430357142857,
            0.3868369464285716,
            0.36047799999999997,
            0.33969973214285704,
            0.34154944642857127,
            0.34586698214285716,
            0.3461176071428572,
            0.3519756428571429,
            0.35796152678571425,
            0.3275805535714285,
            0.30585455357142866,
            0.3062018214285714,
            0.2702826428571429,
            0.24919958214285706,
            0.2528154642857143,
            0.29575814285714286,
            0.40754157142857145,
            0.5440488571428571,
            0.6352729464285715,
            0.6787343749999998,
            0.6649129285714287,
            0.6630473214285715,
            0.66575375,
            0.6498910714285716,
            0.6533389285714285,
            0.6580458928571431,
            0.6609085714285714,
            0.6904401785714286,
            0.6916853571428572,
            0.6833764285714288,
            0.6803798214285716,
            0.6722860714285716,
            0.6558403571428572,
            0.6393574999999999,
            0.63712625,
            0.6465478571428571,
            0.6573344642857143,
            0.6681464285714283
        ]
    ],
    "best_silhouette_score": 0.2853899598826708,
    "all_silhouette_scores": [
        0.18127480704029214,
        0.27094692854385,
        0.2540460346837389,
        0.2853899598826708,
        0.2772833306993962,
        0.26972032938984175,
        0.2772833306993962,
        0.19129026080000588,
        0.18012651522274484,
        0.2782167356712061,
        0.25594022188663756,
        0.2683342483777958,
        0.19915308709415872,
        0.19798353193655147,
        0.26745857169834697,
        0.2703038070283644,
        0.27720089949436794,
        0.2772833306993962,
        0.2233357587627719,
        0.2701874970303171,
        0.19948182918059604,
        0.2676019204880798,
        0.27720089949436794,
        0.2683342483777958,
        0.2014589742625296,
        0.26745857169834697,
        0.2683342483777958,
        0.26516836401225646,
        0.1992992680405208,
        0.19303977245375387
    ],
    "reliability": 1.0
}